LMSTAR,LAMBDAR_RE
10.47356335437838,0.6497051983717157
11.117044158280157,0.07042931735642159
11.047949024575624,0.342421843270963
10.968237003270662,0.7335390139467519
10.90020600738939,0.502871890220071
11.03247018282434,0.06006540857138895
10.963568115176384,0.1387061069144189
9.446262644730936,0.33343978478476716
10.583549067412392,0.16559796083160927
10.348910382293646,0.6791137435492757
9.981800822162457,0.4079674982657719
10.251684338528806,0.24257996963337614
8.956440553556742,0.25192120281133873
10.87935395717813,0.4590536607750185
10.913481916947777,0.5715788043373733
9.995869969324863,0.3210416344550049
11.135102633890959,0.497619952153117
11.075051182590713,0.07226870817256924
10.94322286374395,0.7862245869370764
10.420916858306208,0.07748726535300125
10.458506571547655,0.5337866882499315
10.522528121014844,0.4174411081155513
9.66241687410634,0.6347861688689591
10.248636762124612,0.3791504402844764
10.292948976670608,0.5479440052258825
10.40411828780218,0.5524866690880191
10.39668272842209,0.49265150504625954
11.051527317261879,0.07091359394268607
11.050619551188069,0.1846139134139899
11.120219940640872,0.48780215041211294
10.401854412844346,0.2976607252167509
10.469467233962106,0.5719187843325689
10.907579854524414,0.4525927271229933
10.382969825306846,0.6579823192858619
11.070463334946696,0.0800030838763274
11.132808176920017,0.4747240269893814
10.320620379963906,0.4815798262031996
10.521272320423892,0.7695743105984073
11.007223158764194,0.24809617344127147
9.729825252102177,0.5652766511997301
11.004236963140391,0.3055509272245366
10.307952027451433,0.5662828947773698
10.971007300506633,0.5002695872272865
10.575043504010097,0.6509551059567074
10.06688760436589,0.5001342547370153
9.455742333651878,0.6246206097798204
10.442324916564473,0.7527584463418826
11.338985194800994,0.30209854892144944
11.162046229026316,0.1696288150397434
11.124341053819172,0.28855822788563673
10.36238042822104,0.6063378288691731
11.441107340620013,0.30060541435009713
9.785388267693948,0.6057815181008168
10.799499701861627,0.6196537923613125
10.81642182725085,0.5593030335385084
10.733564451838825,0.4149552310489198
10.459692276284812,0.7418270380491455
11.302443308400317,0.11816848511582946
10.950726656937123,0.5077130742466769
10.527634939428246,0.7244857150211138
11.281828733616274,0.08347580400254125
10.421733950061407,0.620206076764064
10.794185666276451,0.6183823925534481
10.65116494917374,0.6521970779090027
10.437182152742452,0.2711782193799211
10.19370517440504,0.45372594783399073
10.519909104410745,0.5859255608769267
10.420639917760447,0.7785826979908193
11.098517917358002,0.5233297449853349
10.456979869442671,0.7778351045988896
9.634757564101786,0.5655821487106012
10.425982399271733,0.7204735420137561
10.964028316281931,0.4858302612764196
11.301335225043633,0.10155374286191414
9.585117625219995,0.6024657667763815
10.466240020413762,0.4772928881477004
9.817168065443513,0.6415956279510745
11.327435051331726,0.07075488469328099
10.359104592794003,0.5715253122354619
10.568588164452105,0.2430548643501461
10.37948469491099,0.599653953527065
9.747416080273064,0.6854253104327701
11.067245380765574,0.06200974754119441
9.161194415162866,0.5719016742830338
11.002722789550706,0.31129552826174295
10.294525516511214,0.5988682826139078
10.166527710779155,0.4392926348309597
10.076661213297506,0.6219981362585605
10.457071479912662,0.6431385427296801
9.604985857817855,0.37002092992884017
9.499463685026459,0.502401956778638
11.104005564692343,0.4243209580292123
10.267715722962205,0.5531130226336987
10.57781851402078,0.45016099374238683
10.919782709861924,0.6700635329699449
11.013741163632183,0.26327336859806316
10.34036108928743,0.6123123837925598
11.055932342779732,0.22606832825734466
11.139817598315362,0.09535971693318221
10.001375365784428,0.5243398475560372
10.619798780020561,0.7048407026565556
10.446766101730168,0.6359186174230465
10.251963321547906,0.38374270269893995
9.047134468391125,0.1898174952270082
10.017562233705693,0.5776024235358436
10.556383540059974,0.7107966682111361
10.571657841874309,0.28772920335771013
11.293184865086317,0.13583744566281472
10.283100814155901,0.612363025129544
10.412956834022683,0.28650946274099415
10.888782270055001,0.08681130634513588
10.035883074772768,0.7131579361418632
10.985975553244032,0.491587555761327
10.600062056508374,0.7004444007229136
11.074268835786434,0.07536834017756257
10.125160118369626,0.5738336978885576
10.54425919277816,0.7187705045686399
9.504483624731236,0.7576166152149141
10.439897518776903,0.49725427819642
11.283784945203744,0.5298530086726221
10.192253560673318,0.5710755111502315
10.892181688033034,0.35493071065426574
10.29434145596908,0.5976573723924232
10.385916295544419,0.47734755393308703
10.472745223996796,0.6365319597732074
10.740298179564466,0.44679116557452164
10.072212173079835,0.6193850022159423
10.444499652681898,0.4353107080826123
10.16521350951607,0.6597696989289447
10.304878686538466,0.4003591892796039
11.052234034554873,0.6649557291610865
10.358341763194776,0.7016481945231053
9.888076283426011,0.5442398187795372
10.824574967915918,0.41064049964667976
9.618244170328136,0.5806551412788564
9.971015360263246,0.4929421632967421
10.42894996892948,0.6191174976222182
10.988861237212479,0.6430088993158082
10.925773349613932,0.13375334390453894
10.053324419090105,0.12027694012457775
9.856612775516753,0.5794495663690743
9.61257335992527,0.5438526879305782
9.295531623931945,0.2607866713001051
9.596662149856003,0.4433574917121217
10.359904217141938,0.5099683930194772
11.191435413820967,0.6213563992938786
10.883559174387706,0.3098716726971474
10.93001791098906,0.1468471097564281
10.937719214036331,0.542056882966927
10.202084124802527,0.3864622604944077
10.91701923049564,0.17557938561600017
11.21395974623464,0.06974821750532706
11.106611749331847,0.09603755510925649
10.082255453377869,0.11674061515056217
10.57069146986982,0.757905952890423
10.993227620019532,0.2248077982741136
10.312322280498611,0.43156206151378973
10.329913249051478,0.5320652817862236
9.757103057618227,0.6524235833158933
10.363440372316227,0.4486866837321318
10.496225504338897,0.6836893534055742
10.624798646721747,0.591882677474429
10.10493263500589,0.7354800251401913
10.844180884118442,0.36848275159937677
10.71631970844896,0.5410744413970057
10.170835299473138,0.5620535755873036
10.30469444035649,0.3264180594387305
10.483331424849544,0.7557412427726788
9.440450130963288,0.6364333514225874
10.08033901222974,0.6538419626712106
10.320005892586146,0.48819562857245685
10.223463974771384,0.20240714487973038
10.991624810158138,0.08962389921344589
9.820302988560522,0.6566026217121982
10.620909532061248,0.2466572624362033
9.922277361079022,0.4278793838967227
9.727562577556105,0.3801606474574346
11.067837464551248,0.31248120144404257
10.548025429690638,0.614131076242367
10.511841929278267,0.5351150831669195
11.069535622984104,0.23684105303169734
10.421230790400612,0.5773191967529291
10.201262669946614,0.14417153834734245
10.65144813477349,0.6465499123618139
10.209264216774137,0.6543087149463795
9.978695526392396,0.7372548758856662
9.000277008357394,0.5533247908516583
11.034067456241685,0.7154945293347669
10.657633200052961,0.1555664290805646
11.007781583754497,0.07099687885104168
10.90211066823384,0.5107315296241429
11.061047986810788,0.654115611128307
10.308142458710849,0.60755623381797
10.84675477936476,0.5405214850559051
10.488652647859624,0.3768384365133797
10.414082737189428,0.7820896602348427
10.637143670995108,0.39230228196813666
10.60612224841557,0.21966084266927619
10.070193135303246,0.5630038206640346
10.112140804717795,0.5916251872149602
11.066451988920775,0.4883463179695811
11.126592410302303,0.09798340772484188
11.062111668050463,0.14632465483032245
10.341016039007634,0.52136862536846
9.930302758818787,0.22888058837802847
10.831906049863228,0.22145790601118717
9.584198143592756,0.5530424967646561
9.622225551729242,0.10182980737551334
10.228193492709584,0.4298628115938458
10.123224741976427,0.49291348368139554
9.03144216965555,0.20147357794982654
9.747159443077681,0.6489247083329365
10.403204578622569,0.5862232182432153
10.150597629020478,0.8111707255313277
10.656246309831216,0.7736496231305596
10.927351831722355,0.0810514401594157
10.662418247113289,0.27486946615448643
10.936515874078639,0.11596216918451933
10.15127435230029,0.4029055035704401
11.202305229315359,0.10604870170296253
10.16521938901074,0.6032774532525139
9.65735532479665,0.3431930525201095
10.828663713458173,0.4517036965286393
9.205126611893137,0.3544551302199516
10.800814270572667,0.6048426181889727
9.154572800209847,0.4693844703328784
10.385232906589241,0.3753444833839617
10.098482181251054,0.4879337286771479
10.393234763189984,0.58509564396512
10.484611744603457,0.21116901212646647
10.132739066556402,0.6609117500224704
9.621279560503769,0.5381431437137033
10.273705685053603,0.3082250470294612
10.194991475523924,0.6486611993940723
10.214880456161223,0.6843401495942241
10.291383719097103,0.28646569895274027
9.651332483099749,0.5941608192790107
10.153243156936297,0.602261527384542
10.9122103858166,0.37437590123884096
10.173985300644896,0.7083842877117356
10.736743826173994,0.5719025808650953
10.548647941880933,0.43238545650343024
10.75532602018681,0.7960472035809398
10.170065152355125,0.4084754759613345
9.874901233995674,0.7840982897174997
9.588675808068958,0.652545763404643
9.82644252527803,0.18591700856827745
9.641040515144693,0.26835033410732
10.685630551631395,0.3146792503160628
11.016931307174303,0.4167712656492728
10.361856481833323,0.5154887409756364
10.64737059979006,0.31824829208084454
10.835115254848704,0.3439827385581851
10.748986208347032,0.6865089703660658
11.01193441241854,0.14781359768922167
10.654309449620339,0.3863666241894086
10.281846396454563,0.4676857265109531
10.463320524054176,0.6045907252209969
10.494490173181946,0.4658237442289846
10.784663853568073,0.12669955836795033
10.654494552756299,0.5072431798351035
9.77117871306645,0.49850570746361994
9.547223504524837,0.4194412079402141
9.44861925841742,0.48219502390699603
11.244571891417406,0.09726216151074737
10.737329388437121,0.7453903891288192
11.056732269180426,0.28633673738657595
9.396995223607227,0.42398819063011706
10.775625462901925,0.6836366071785407
10.489585002801226,0.23687369178876824
10.347701612648372,0.12555043371743743
10.158644866832176,0.09363565705600804
10.566009003158795,0.6828715638773137
10.945949395353885,0.4621346078574544
10.977441702173914,0.5333084257348651
10.652570616038613,0.6513104818253217
9.973620159717091,0.5116916667252175
10.155138014652945,0.16109997100172843
10.052947949017643,0.6856758726364098
10.798868578315952,0.6500796912140229
11.109122166108438,0.07072439408083495
10.24232392898578,0.6455300222429228
9.854373270340004,0.5128828191000383
11.07051155151306,0.1762480058790962
10.42627773468888,0.5670431234892614
10.022002636362867,0.4831903059953828
9.320356149568477,0.27759439111165596
10.404372585357203,0.5271987568503766
10.622245326216293,0.7659248377172838
10.538332357010765,0.6569034113800707
8.92653608929982,0.28066792921032835
10.448011418643006,0.5221493346205605
11.259731029119456,0.0864514464838945
10.434618102429544,0.3791096125270273
11.030255478159791,0.06252304372693711
10.267650632980548,0.4625454651995376
10.081061626188644,0.2560278457965421
10.495380960023603,0.5805262304809485
11.369961462002717,0.06810352158762192
10.961690091632823,0.07718997029523769
10.521849963152706,0.559022335047525
10.869090724028547,0.05499393232234023
10.41417832069203,0.48513486877442347
11.007442299122266,0.5704720156931933
9.472401581159275,0.3622268840375017
10.748545259222668,0.7554576926144467
9.652559678890563,0.20066798366545202
9.553360709957357,0.4336979361417635
10.588556366272103,0.3263132882466857
11.05592561546319,0.5371430904296373
10.952874921389794,0.3185378258783715
10.995225879351494,0.6707010574805933
10.112061204032885,0.6483936436976094
10.394366623224954,0.30201376534905017
10.880925596600001,0.17549929647438617
10.189223600944871,0.6107581128775365
11.16856547653176,0.5078555860513844
10.396620255107802,0.4772338993339845
9.764848998510214,0.4541862359887374
10.773414375742584,0.4600312238440399
10.286910658916378,0.5993962213017371
9.610069767160677,0.5692178896826201
10.478490967279127,0.42276943461001953
9.437046954188114,0.5054061540956548
10.112199487331358,0.5402878962422395
9.407653609038292,0.3950376985856438
9.738661894074335,0.5519418216738717
10.402268836777488,0.06770840407894645
9.063396681018888,0.3392344453388877
10.584885585057435,0.22214008866994855
10.94355794868402,0.19360733249145942
10.17456576516218,0.6254230988952941
10.569301804370975,0.2609211343554185
9.879188384863504,0.63313943713261
9.719364779325739,0.44708288882869746
10.524875966589367,0.735197917284254
10.650606977074535,0.5522364076898024
10.889435277042605,0.5184282759453476
10.920243129597035,0.33018414657158407
10.91785578871763,0.10745493706246502
10.916283617831446,0.5330351766602011
9.990276857128213,0.6208533659590213
10.917247816173774,0.3223684861545507
10.370046436999361,0.6538165011430098
10.065414819272808,0.18995414029668636
10.232746868195932,0.13580382657954784
10.366498705471402,0.14652181252579202
10.507391499081669,0.6373790345180262
10.329401215667263,0.20872558130450014
10.398252283296571,0.4364686253128837
10.46129385368532,0.6021974182669876
11.144976271070302,0.2914586977919972
9.864283977022895,0.6226626161951841
10.418902499820339,0.12721565142161395
9.64108810294329,0.62918623450021
10.567677931790872,0.3118938581572027
10.994962508660091,0.1452337615482715
10.3034924308285,0.48718166760028053
10.725331831106022,0.5011620742998164
11.116743212174681,0.09889912765316601
10.266235171291227,0.2883066325682967
10.431548721494956,0.5122627192269119
10.799756968585392,0.7056364859537474
10.159429034814954,0.7170956037657638
10.833713481516277,0.42115009219260535
10.700598716797739,0.41306956259083616
10.501780002390428,0.26761520221475754
9.845747530304799,0.5141306331270126
10.238155169757704,0.6026478771369576
9.522695303187174,0.63495029524378
10.541021224323034,0.5730224888446772
10.867148648164035,0.08410125138959672
11.52437234095256,0.2088155263512307
10.490758628979375,0.5248443371912505
11.0000339525642,0.3316024337513192
10.045370142952427,0.5362604335609882
10.825828073002311,0.17178764266715454
10.085021258057978,0.6412775617425396
10.078334705636188,0.20805830072471654
10.750765752649247,0.587832063965384
10.10194435361848,0.5999872028541158
10.628075097158872,0.4485775780563756
10.281406206897557,0.3183256627215995
10.520172497425515,0.285907927822227
10.720295263119825,0.357193779302361
10.4753634733539,0.3855892719791887
10.408170467614795,0.6838254720823713
9.921301030350866,0.6385790928471761
10.44550520137754,0.3647871839241285
10.132883178437865,0.31447231689818117
10.443047899420792,0.46429761442330947
10.492168501770433,0.15425773360089737
11.079598383738942,0.6539711917043971
9.789959614822621,0.4255126235910747
9.568730574224018,0.5134449893575107
9.70735796744394,0.5692243765259634
9.273898211124708,0.3455219960559085
10.313222187468549,0.38626708419701433
10.52221250779041,0.3319010620178316
11.101670390759008,0.2330753400328069
9.536533740735761,0.6085870473907953
11.32107357043583,0.25388882305923066
10.691809384555386,0.4134029331647515
10.353949142673345,0.47118993197902387
9.756987522877235,0.5625657511383957
9.831211502016565,0.48220422228709303
9.558544232268725,0.52883067094165
10.155131189072254,0.5147089915456673
9.517995909530846,0.5540419310684406
10.318904059076486,0.5669165373886149
9.673901840025893,0.4441378941183034
10.409680068491031,0.505902804070772
10.95542563070652,0.05830608548287711
9.498091546399465,0.605636585993367
10.01658191549063,0.620990327987178
10.118194400468523,0.342947528055851
10.743964239143265,0.6621939285033773
10.846815578450947,0.4174234285053727
10.14619934568612,0.358317760927544
10.517150158521062,0.309103791981118
10.336018862146648,0.5487281294542327
10.797309509513145,0.43570599036501867
10.361284327342547,0.6438258544648868
10.143955457070241,0.537783110787491
10.324896622158471,0.41435337610190515
11.03484744259213,0.1891281068122861
10.198938289752087,0.4352980024884128
9.52473450144802,0.536395020718614
9.403452704937974,0.2858421432905414
10.645065055060105,0.22281179108885196
10.12923599085719,0.4579931745994252
9.730811122089845,0.665666435759334
10.981259971593763,0.1417122832470345
10.946448089462756,0.469381630674979
9.68208629209408,0.6962747103770968
10.58819255163221,0.7376157557351258
10.565540754845244,0.27892274758038316
10.200299911523201,0.6961272361732405
10.499514394426326,0.24259771307834968
11.037510780549297,0.15148052730083522
10.949387181815702,0.1413063337641432
11.049265481550842,0.20461586082979666
10.543059748786336,0.41057725918890464
9.92054840396511,0.09099193086263571
10.188711925019486,0.7385653266408736
8.744852731001485,0.3206821885995361
11.616238443877423,0.10459546864387075
9.909002108880392,0.2108496387838841
9.341283361104065,0.21484308995234763
9.729373245130457,0.3377507136035256
10.033150104973528,0.11127683496984006
9.71294330431982,0.30935472319574014
10.015393950377607,0.6471901662433251
10.96802725412144,0.4387014076980132
9.503389060982602,0.5962090540884015
9.125843066333655,0.3385614537402126
10.024199579516326,0.19697018510044667
10.668213792577909,0.6868700796850445
11.021983496720537,0.44825125834546053
10.188449045902315,0.8037432374089619
10.222640267955693,0.6428215974951681
10.585372397731044,0.4565870403401872
10.47094881203187,0.5621860744171895
10.197962386757432,0.5716323181552465
11.079009884267235,0.3429319666501748
10.152297144964676,0.5070221954395795
10.7809015737175,0.6608980406619985
10.15610648954457,0.787441814798918
10.19578907844626,0.6110767113552458
9.866203592095387,0.3699875628189755
10.044930390828565,0.38945098840719083
10.456209705297152,0.6901356001483986
10.8626967254871,0.527745989020915
10.695742544598936,0.21668577764801544
11.258050746256131,0.07994335579776149
10.119334617899924,0.6852466189066454
10.75076124494904,0.36361884739518846
11.117888970156592,0.6458971466855467
9.349395683540328,0.5473175774602502
9.992487366603239,0.5578460849190282
9.591363389777007,0.528785826282509
10.150166230184128,0.30537569091099703
9.01248736102228,0.2068093105016276
10.160960908646091,0.5983781835498952
9.282136880613317,0.6538296715427393
9.868413165851562,0.7214134737378104
10.80071212902075,0.534295855573657
10.231127174934578,0.5159264870747341
10.174689159512942,0.24537280338655604
10.673268854703652,0.37679410089816984
10.088080636515551,0.2408426040488136
10.10913672649346,0.6692888169981114
11.034281925901348,0.5231777223648496
11.363705473519898,0.8255133732004686
10.370403812967707,0.6822586079801823
10.130920631300668,0.4691610830420385
9.900087684756132,0.28305313488293
10.954528356910092,0.4405410936258552
10.927478879984777,0.19496127265229793
10.958989727152968,0.5104497184565482
11.173232544454708,0.2169962864305595
10.96816600853828,0.049304281126310114
10.962194922496957,0.13652537337653967
10.99852247926825,0.6174381681065237
10.48409458044363,0.5706826004458111
11.016288847525997,0.5956408781718204
10.326735058165609,0.375330801057394
10.448167896861056,0.8098440704768668
10.819245396890654,0.16439091838415337
11.157763706419138,0.09169867848888642
10.916496732384056,0.21052060267252135
10.579389223724593,0.41626525744441045
10.017059517397906,0.40101555458496996
9.57062105253424,0.4742781521305662
10.625701532266724,0.5463786915616826
11.161782933345705,0.09750505227486776
11.222359153123612,0.07244679373687694
11.137626882675674,0.21976021446805824
11.081056148851657,0.4830271720905314
10.354565789054119,0.347414211209629
11.213798974055972,0.1224273821586475
10.501309486771298,0.7647499584959505
10.245516967062308,0.5427886832652484
9.144471637051154,0.26633767499500743
9.35676176625109,0.3430551038562785
9.691765836381409,0.41812166224755787
10.015370011889383,0.5548648679683492
10.872990052463862,0.4914510361095067
9.818615424505579,0.5125929591117887
10.41617652862575,0.38739843414749076
9.376511901252515,0.5379214192712571
10.434529942219111,0.6812459247577802
11.239322141897695,0.12253319778135069
10.426683013688907,0.48478715131164407
11.01048825692178,0.0740773339599416
11.02581690066026,0.07239421759570672
11.357993425235623,0.13031512860300945
10.59544009091361,0.6207969460396763
9.83388342260096,0.19730269912697543
10.062199609841992,0.36552578475251285
10.956232508191327,0.3160945606041863
9.013070976631191,0.3052205864200041
10.668558676001034,0.13902110459036698
11.198606064522885,0.6873220647953667
9.210138467786674,0.3784831504254465
9.810696626210955,0.7036281763312462
10.775813217922028,0.4889404845010724
10.385754850327137,0.3164503394534348
10.604313989276973,0.3999467321373389
9.242019745372193,0.3377995869448934
11.2285448274804,0.5812907009790972
10.767260630189885,0.4805125645496954
10.15592931405221,0.4594619244169531
9.685850989858178,0.6184730440190053
9.461567205547276,0.5238581243131875
10.520453805234334,0.44714169564066264
9.281046605638283,0.19545622552562555
9.684878465827465,0.466473672939138
10.645058413063706,0.48458255516142573
9.635279843336752,0.2305610481853905
9.435578910885818,0.21951052913532146
10.90153108299511,0.125366671145687
10.895793188985698,0.4981069916189478
10.421471947457112,0.666177206181136
10.204359931407035,0.4813188654997404
10.763284635646832,0.3624549045718193
9.504983848563246,0.31036954876660505
10.157599860879595,0.6734866002818226
10.92345755702244,0.3631659649480685
10.226146820724999,0.2786295361866902
10.609789983063454,0.34579200915397607
10.44623749071816,0.6713970418074064
10.23498310566736,0.689033987223426
10.246259769982572,0.5966207816427707
10.23172496109297,0.7114047300183389
10.546224930668028,0.19446388040300297
10.393478631688428,0.4521656243780855
10.195555500796608,0.6710716241672058
10.062626332366015,0.6217173675137896
10.015516246897848,0.6149928784853838
9.951264679895457,0.22010929115196903
10.934434286079604,0.10296712232451415
10.802085650023871,0.07314885094009202
10.34277525722641,0.17426864751049867
10.32464666120237,0.12301632337830301
10.697924351771993,0.469302935134502
10.13941419422335,0.39644912853108977
10.04112194166172,0.6236082977603489
10.149173583305954,0.618281672205406
10.578906468035182,0.24654724889111132
10.283096162894081,0.5837875992414004
10.935268429178926,0.08952649649146732
9.875402340096441,0.606684888014976
10.607542868061726,0.8050768524761923
11.013795347167784,0.08205609786391715
10.663746968876264,0.3739359820384729
10.381972407619216,0.22730777703911426
10.530346347261876,0.7340582818551419
9.838535657632189,0.6352962151488114
10.340263926235538,0.41702191719845366
10.05904076347631,0.4064470693207692
9.235182991038524,0.5544711418438084
10.045008951580838,0.7129559025793154
10.135252622851793,0.719480366585702
10.572278101414001,0.5826941194548232
10.49574915387789,0.7537075140573261
10.920691222138819,0.38160943589114915
10.682042333440075,0.5090336016464332
10.193687174472718,0.644891942434183
10.17317357210931,0.4358775247807345
10.382010432820403,0.4389470849386603
10.061011453224994,0.557920763728324
10.31339296948465,0.3367061555480048
11.17931286984318,0.5159730056601386
10.24315941750772,0.6936326301974222
10.12121174911344,0.6417266480176268
10.062645494815236,0.6832425238949618
10.722840035274857,0.23156655165699191
10.497835103803569,0.4332988232830494
10.360292784225663,0.5776609927167558
10.790395317661135,0.1064694586353818
10.482298388417322,0.4471478709858018
10.394488358871746,0.6962517437098195
9.84261960159063,0.4514690358153118
9.844498279436928,0.4572050454066446
9.65836390022968,0.5121056360263049
9.695464281109203,0.11199193210404572
9.515645077031975,0.19447860843136358
10.343047396746618,0.5930427685084839
10.961196870832332,0.7193190469995913
9.983317632148472,0.6318540912275736
9.450651046430645,0.3167053281915094
10.90608820253743,0.49441660784150987
11.136060751619594,0.31819421936093484
10.722538789235633,0.5162037442904471
10.459159103172944,0.6734550312499727
9.062444856886662,0.17729338128324035
9.718379465194282,0.5672743071457891
10.449439482942418,0.3671500807168528
10.340671212074158,0.562723596244477
10.991935260065416,0.5092218627666137
10.972743760847456,0.5821104499608124
10.994288474167837,0.24452986706447896
10.109719011851736,0.608907393372236
10.328217167879615,0.6795784972737096
9.26636020237766,0.2826527594270133
10.254716323136853,0.37095793735489135
11.207678602988487,0.08504680271975468
11.045641809342474,0.11942795787308916
10.27920412991161,0.49126615880364666
11.294357346770843,0.12273896165901924
10.943239411664463,0.22962002034979578
10.219805300733034,0.40458699664658826
10.536575361605383,0.34585011946061667
10.107475754170558,0.5338575212281044
10.286371519711144,0.661514875573499
10.049341020227052,0.7063684958754086
9.81433093116773,0.6174464533084102
10.545049890153345,0.17447744120307215
10.399221865925709,0.5390115601131394
10.287131272363903,0.5530966469878369
11.126308291350252,0.5065520851546998
10.366203242390657,0.5247749340937519
10.86067722675285,0.31278312543715775
10.293282017981936,0.7479457774923502
10.072599364459363,0.48815318937210095
10.414775836782237,0.4518956738212721
11.125032616428062,0.44427125186176375
10.618386276476222,0.6280778805712411
11.200467213166649,0.6471396278796435
10.387434671653214,0.34146197651728283
10.898697806722028,0.6657179194270858
10.701631507906372,0.3224866116006796
11.169876882570797,0.15146804053902915
10.901845805363413,0.2999757161304603
10.675306690549363,0.40463007304956317
9.200089746079039,0.2979626316073469
9.905548862697879,0.42632728616510973
10.994315200429728,0.5671254177080849
10.55554597546892,0.4394520324833559
10.392194318994788,0.667373821510771
11.419950843049667,0.11443825319076481
9.283314506180858,0.39916083172745703
10.757409125283228,0.49032002572150885
10.65946893652252,0.12319199450193824
10.109782142817236,0.7392798180479285
10.013715032776473,0.470686258131668
10.78736549951599,0.2775315613503321
10.822328104869037,0.08540302673203769
11.21014656635029,0.08624592839581802
10.97717154954957,0.5447121643063328
9.263055965395454,0.49338298626612886
9.943430850645935,0.3668532208902826
10.922865967454694,0.2451511514551429
11.121389452162015,0.36311882431253834
10.078649219933977,0.7042047125747818
10.693497424247568,0.36193004365870857
10.95605786052752,0.5600751306370768
10.260002672608683,0.32878000929338497
10.812836414491162,0.405087550242585
10.910573611802324,0.0826550661314136
11.027679608389212,0.6039713095856246
10.640418101461592,0.5677639719935628
10.200908022360576,0.6471690314940255
11.183777115061924,0.6125463041866662
10.053208067168256,0.5628186422860735
11.067723668279458,0.4059680269364347
10.743797394766974,0.08261430288896515
10.957833599744097,0.3410668887292045
10.667542639339336,0.5019182684711836
10.073292364195044,0.7409098306875463
10.988591145593777,0.4933353680408513
10.910740034923363,0.21754981683229155
10.151032077056964,0.16904946204453014
11.003444654211236,0.3705878184488094
10.9265423769983,0.12533305337566164
10.018386650701833,0.4642545450537079
10.009901986186577,0.5790576203051333
10.051623378095005,0.30606161482860766
11.224364776244713,0.1061722874684344
10.613267887711494,0.32533791693975955
10.493881133240945,0.5999736584169947
10.308617609154915,0.4848803441517143
10.11083806964275,0.6260996062252592
10.488847224888742,0.16849889582565608
10.904541462341848,0.3123671840326074
10.116935827641061,0.36750648548284387
10.805891775624495,0.10455716449545838
10.444941202302617,0.5181107380761445
10.62028886310798,0.3349198240223988
9.865012081493346,0.12709013815141276
10.1004210405543,0.5716222501197569
10.763475267090769,0.5304943819222055
10.619757254313486,0.7309092247215552
11.188554316000085,0.1096446574951995
10.731047432362361,0.24207597666631983
9.896859433873422,0.36744112801921935
10.946066944798089,0.5730719577956038
10.403913550605928,0.8455072415181949
10.60295066860821,0.8426680731419484
10.407877432260822,0.5486600084447187
10.471107484648117,0.5360833302812564
11.05246139597497,0.4387462885117708
10.888721307340816,0.5687176563984644
10.295879896936492,0.22581883320388685
10.701417636636739,0.5595081456622164
10.433108128359976,0.6642134198551823
10.846590879546662,0.23015665885381376
10.70050161488362,0.49189041447471415
10.541442002899649,0.28511802821346466
10.467495384462078,0.6965740944240877
11.035088809624268,0.13583232427984035
10.02318426917989,0.641955385722669
9.521898008454514,0.43495010025914577
10.771355154773769,0.4118033505482132
10.462340390103774,0.3954669775548036
10.924049700382135,0.31161553734553127
11.0067210910813,0.5965372463009366
9.798145132691225,0.5769424143604152
10.5974560649671,0.6117465420977243
10.415598092286181,0.6756943970938231
10.519396952799237,0.500362226856319
10.474003114136554,0.5313321314137168
10.340720290598506,0.22143805082190393
11.32468143629185,0.6592278516966051
10.117566475783198,0.427903984255361
8.874224744769833,0.4257756668153664
10.583056949457534,0.49339620953034313
11.231468925738636,0.1735594424612081
10.77079142766023,0.5660124521579444
10.36352049830109,0.6250544945682459
10.078649696652064,0.2613372866461042
9.90457487383478,0.49978176605163444
10.101813218361078,0.708212273905823
10.003403941505876,0.5750049697221113
10.643894592757135,0.3606089596350024
10.293359824406524,0.5738092513972024
10.337257203587493,0.478147031905133
10.140200286590305,0.7335396690339971
10.442920626488654,0.48371354123325855
10.391024740167255,0.6513421411787469
9.57076747665605,0.1141271676462503
11.423275930186685,0.07108660134158971
9.556079301132636,0.713609089605512
10.077302908444906,0.7078039299337223
9.609156452408355,0.5404537033878473
10.441432495150242,0.25400719828330953
10.823560988548564,0.5278168736353394
10.05222264562341,0.16803932703046504
10.354990280675505,0.65312574883351
9.387039989959167,0.5235709488673729
10.611249971414043,0.32339102423301563
10.522329558736818,0.5056239738657533
10.153137495359715,0.42260673004154087
10.014771468093377,0.37849524507379173
10.635192295985217,0.7207601571810722
10.891175937809095,0.4485082074517622
10.438599475053993,0.4623614006642143
10.776322696541964,0.704068665863072
10.299936873096385,0.6139824014578718
10.416232416944192,0.5771328908666571
10.089030071258044,0.5923867702938905
10.27628718985312,0.5276021648277498
10.01766227087091,0.47966430224132006
9.800600848243604,0.5563633819887357
9.740031587460678,0.27644568080181275
10.40320743938865,0.6283027686099476
10.345694857178426,0.6452048052501157
10.096505276172373,0.7725977503293128
10.991737056389297,0.691337042456496
10.08552256194766,0.5881832635068409
10.286188696720405,0.46471441515622647
11.043240398035943,0.5216938601579328
10.180909973074955,0.6717504020323097
10.160713654038824,0.6711359283055364
10.197675830577934,0.5359517915099433
10.326456446492394,0.36072333596465045
10.684005451012888,0.7292173519956279
10.550575466318024,0.19785475075315875
10.23927463947507,0.6105071779804842
10.50839538291198,0.6896471074568716
10.309412595954429,0.6838314503293458
10.417445142040249,0.3116261972414124
10.355722862390484,0.6330538283816944
10.36053977168026,0.6109266033460999
9.303930455974339,0.5414511222052317
9.745762063559448,0.6941577124947744
10.414938563284784,0.7012508782917346
10.88992008081864,0.6371614968831588
10.099533927515353,0.5592854068487081
10.92773388499873,0.2245908102154327
9.727080101084153,0.3916706759747387
10.625542481649097,0.6432128880869714
10.625663819304236,0.6974824093555791
10.58815359139475,0.5939269850397941
10.606074635583639,0.4477082862548465
10.72036943935484,0.3288670040256537
10.465298174351995,0.7306554462217474
10.701729495484036,0.22418192683310717
10.233223181938946,0.1865425060212281
10.657932874933353,0.5957189987301353
10.329140397815836,0.3530843674479888
10.723644310927233,0.18869086914121735
10.869023991680129,0.5819809565164837
10.406479326232692,0.4770032715619511
10.35954243222154,0.7625175900584369
8.840494401521829,0.6786189191977259
11.206530772995535,0.6086616244711934
10.447385052993782,0.7033417149457285
10.953633790268652,0.5165320173409992
10.40785743566438,0.44936839173853893
10.441284054782294,0.2118597754774586
10.113681683495134,0.6446950014613958
10.0084623744844,0.7171546926845106
10.634760567558974,0.634559576028219
10.651837255368857,0.29572331482871556
10.913290207276468,0.4328784035362851
10.896373865776276,0.48352108631579993
10.407155596466943,0.45801432522404983
9.764197139408033,0.684808888049897
11.099575444730917,0.1203635984865363
11.394336274235975,0.18363958281042864
11.030388820073025,0.19389444024333347
10.503758939634755,0.5931382638887717
11.073263794711682,0.26250785281416417
10.78721271587153,0.4827124048823826
10.257045309089424,0.1905521919504847
11.074206060948795,0.39815100766523565
10.802063941619194,0.39761197033603285
10.334095020708933,0.7143873147569595
9.64223443680189,0.5929078050929235
10.371154077729997,0.6257019038023012
9.605949777678374,0.5640650303305562
9.982458570012907,0.43952715670373604
10.296967204414596,0.5306484291151637
10.584268285784063,0.2323952225730893
10.550498517799419,0.2178400138041602
10.679929291678265,0.7176428727667699
10.02744574240186,0.6261832817297628
10.213597114575984,0.67437134986248
10.523726175510832,0.2751337490101319
10.234880234384548,0.4196734375681735
8.743749394097783,0.1614666374454213
10.066204035477499,0.41478385340952395
10.262449288578727,0.7417828682318809
10.682405901039354,0.6914052960950139
10.559048353481673,0.470680213456323
10.85498728654328,0.33009478638100653
10.551438021412988,0.5495998175587956
10.224482011417807,0.4315906124692606
10.070088894824066,0.6419818362674726
10.029660342028919,0.7118741941914698
10.496134970656824,0.7202851533628802
9.40541828860279,0.47381121016984584
11.279582502468095,0.11505369753063871
10.929526892884176,0.4301525898530547
10.839563226878498,0.39785766907059705
10.16065137887215,0.6463229731863099
10.357793557472839,0.5516285514852178
9.239150665766664,0.4274553034094319
11.257353917998852,0.09046599994319582
10.792686208718077,0.5134722260313542
10.437860516923951,0.5994642685408982
10.198116070794123,0.7390575270412121
9.16060791216394,0.28117914485805595
11.065832912819038,0.3445144626247725
10.178964911677951,0.44396841618731
10.68371489792924,0.44952997198420713
10.201977507239201,0.5303514011015414
10.916207339615283,0.24537219181718933
9.770815432779829,0.6649283124101092
10.196306021199018,0.5675316388892976
10.94282659841752,0.10775695879161343
10.337573788844953,0.6401282704246896
10.932972810256924,0.6395307194499609
10.951149691800431,0.33944438003912836
10.808721262156048,0.32540048126878446
10.32876728547932,0.19987839300552487
11.140048443480941,0.08846714515314712
10.34310708295859,0.620729462867548
10.720295721371029,0.3769004024407951
10.382017848835298,0.3511362249457462
9.485718761889654,0.6843423150801519
10.955447924296084,0.5269334928576088
11.113544310557964,0.08290555776991651
11.082281741476393,0.138621467464707
11.069962796277162,0.33543732534283877
10.18634990469295,0.33104339297280266
10.922345534591184,0.43531792650522894
11.207780391428527,0.115671236113762
10.961157964579202,0.3596536617663124
9.506191321775315,0.6320072289063149
10.832945250007572,0.6054736187784819
9.622887045753131,0.4267675221665919
10.628919154725923,0.5922022407010464
10.934956510811226,0.10738222226318674
9.542671593625178,0.6197128503721864
10.569366248149985,0.6001413220678912
10.259248880999811,0.3265827055723964
10.468314209523877,0.49581116264374225
10.419645921110147,0.18837238973086748
11.40809777361778,0.10482579708546101
10.114119994738102,0.47004321626873635
10.355962663598282,0.3682659082497609
10.017252894440661,0.4474753124913509
10.506554975467449,0.4561880384934113
10.722616952865927,0.7359219580979524
10.00245217209841,0.2796584039861646
9.737268284768465,0.11623928505582913
10.892168924314612,0.7517728433946913
10.881278658041563,0.47206042746104127
10.42699922039399,0.6801902360759972
9.797855380467807,0.5866055720627081
10.730203135013463,0.557606516369491
10.154823597970438,0.5411754206949428
10.146653788980183,0.547940383124922
10.800677585962859,0.0689549062807489
10.522643672587844,0.5783464798577062
10.708356694444477,0.751764736761997
10.418523245262476,0.18782506043916025
10.681007036797872,0.7097639154949621
10.47396866071863,0.6996170904952652
10.956542199316363,0.08587592532791717
10.404725028197328,0.615305273233345
9.406305487814619,0.4356389452097127
9.050411709583658,0.48061295506137514
10.206582311228209,0.6661826553308495
10.586492406270438,0.6159295691215095
10.38199562273868,0.44429054828097553
10.297212626230943,0.6833897550644736
9.945630526873263,0.7234981740691109
10.022971791049827,0.5962751430396551
10.257421815361774,0.5265311891179063
11.321164769166678,0.3633674501071158
11.107201076550655,0.7259664002048173
10.485004489255214,0.5408354386442745
10.509051269880446,0.23057793918213346
9.528104426748682,0.7126432841715428
10.95240104731571,0.32444093833640436
10.299636554028494,0.1438886108724007
10.613426217949174,0.15392349641202416
9.90409409202137,0.547495124945583
11.165668441715836,0.3770810083948693
10.956548870704703,0.7565996549019913
11.228331661151847,0.30748371794647195
10.886241476613874,0.6248857402541993
9.326371904970022,0.11273448552101109
10.022200028245758,0.6438938599542883
9.384001577672526,0.6444117641548829
10.85144768327836,0.6280062123700759
10.673103727963309,0.6736514303336474
9.43168718029543,0.22811032326066918
10.718368293295045,0.7040877865149495
10.969343408726978,0.23784610794295694
11.14286299355323,0.5235532279754885
10.435060691778514,0.37874584360362723
10.980987618381397,0.7254740588001924
10.111143120978957,0.7304650225432134
10.773793004049939,0.14531809447616525
10.493388502904924,0.6192175590645758
10.754488722620813,0.2247182030599236
10.639960754745767,0.6109235583228921
10.345905942210493,0.3047552009268035
10.040945007213105,0.514139980703455
10.056021364576935,0.38890056226044056
9.355241625396607,0.5245329041803504
10.231178608033678,0.6923684849724228
10.277537862161266,0.47112877188356733
9.431352636646157,0.4896264382006637
10.255261000117345,0.7544410015902088
10.505770123692802,0.4819485549825994
10.204103761446,0.6037142771363143
10.048290341683984,0.5269073380983402
9.3722234672246,0.7121393763678552
10.908862572473424,0.5058021680174754
10.737535785812362,0.21544546131657316
10.336855621845787,0.4986254416620621
9.892689339747186,0.7054153653331002
11.035242815990397,0.4107282623220554
10.225707648641531,0.6196524970971328
10.43899264516583,0.6220841791153647
10.589894465266507,0.6331262727780783
10.014213925986985,0.34434270434898295
11.212082439129055,0.10101923775635716
10.448956647220298,0.3366961527709518
11.410874314506321,0.43122301568270677
11.035871595284878,0.12113041648035068
9.610712677378283,0.4923506187644415
9.190526398165407,0.30323229298961213
10.313392753075277,0.6837519229927257
10.68528891475587,0.6897944866990561
10.01513531770479,0.5856356747634694
9.63446775324755,0.430224430614487
8.56861085221042,0.327626882278238
9.691364685426022,0.5543391740739539
10.18855222734937,0.39797773367060646
9.53243647098267,0.7315507741288438
10.012838369067108,0.6134264739859283
10.53374017996071,0.43021329153425075
10.086785289400739,0.5570568949620186
10.856186646874713,0.5853426339530753
10.331506999075586,0.6290924759840089
10.696692403157622,0.5466668583462061
10.258284732217662,0.608667953748619
10.025497678844394,0.7559750262758569
9.3121859165809,0.21597006660595913
9.6372817596572,0.34078822788534413
10.42384773871251,0.7242078442480844
10.998359849306842,0.5880159358216812
11.061424534017158,0.16462907876484228
10.534233369910924,0.23591932207088778
10.498970705297285,0.6964206141570979
10.457758347564248,0.6414088944696279
9.764649251724276,0.5868211959791364
9.887706141510025,0.5762616491714251
10.227897346165634,0.6365510444463888
10.32696045839437,0.4042325017806828
10.300399377450994,0.45966091873359094
9.717391054566457,0.6423015061406792
10.080449391491944,0.47752398934578427
10.516083096247558,0.3352877398618812
9.420067454650797,0.41866572900949695
10.890038189871017,0.5238620834834605
10.796194294249556,0.40288361166178044
10.568204957666772,0.5582567105707386
10.869307280208357,0.6355980809049135
11.217769910699172,0.08146022042510112
11.162901264022816,0.05132031606557805
9.93118953892482,0.5558042153101198
10.246816945775064,0.624745077275658
10.289385269463546,0.2812722095169038
10.278094432474122,0.5913509318925597
10.252418935045146,0.6618311083021017
10.405411967246957,0.5794842106901664
10.952073910050801,0.1547634002446811
10.802652107059513,0.44562474854728706
10.077511322900753,0.7503867923939823
10.64580054581631,0.09859826986928102
10.3877892877442,0.21372826694693792
10.021047953548376,0.4428240275172298
10.61700421973738,0.4217414756348117
10.859959987315483,0.4835980108928514
10.346768308879124,0.5674399510200794
11.000858604035542,0.20159090792735554
10.915382605684126,0.6685953943639414
10.157749902240864,0.14100504978498435
10.725244080853075,0.4551269861378985
9.7987742260361,0.6545879017292093
10.916121594966175,0.5046257625163886
9.525293808856734,0.29373158290039386
10.298155930060155,0.6772054283228586
10.887102415884101,0.5061254494180593
10.327868056195323,0.6015352652572298
10.692982398637126,0.461022015575152
10.22339819090615,0.6364736494438656
10.68067499443659,0.471543488960695
10.004830749648406,0.2809393399243344
11.320487339293221,0.47517061958618656
10.569011030281514,0.3807313040490747
10.518251792323131,0.6090216356209193
9.47571718125449,0.4463578263969565
11.067968974489233,0.07317759742974876
10.425200617940625,0.5302797507513447
10.255364043108164,0.5827155404241036
10.18784555573064,0.09858501939825301
10.636239221893513,0.38490218086481565
10.525826460380287,0.31386880556938335
10.593087453683825,0.542247221140283
10.549289581610429,0.638952329651183
10.33500969663971,0.3103157677990007
11.329076312775827,0.15153702585251874
10.168673265956103,0.2692491900433928
9.777627017768381,0.23464172955073875
10.285947681183755,0.3855838990894879
10.63893236063262,0.4967761425396437
10.563234818698303,0.5367627512151112
10.552107514934642,0.38148251890376117
10.586517448829866,0.34526076032507724
10.75662298939328,0.6066673318650782
10.54885234377827,0.4355568151271569
10.802811860489369,0.5601225993328924
10.911189721871164,0.6789698896168092
10.45649902658048,0.6578121195751183
9.96508357801892,0.6466996597148542
9.681351206481892,0.48656819573985366
10.247127140673395,0.6664593053513599
9.708848061561714,0.38067790821634867
10.226897839959786,0.6656255090505948
10.130207040176114,0.5818675923464214
9.022513755085171,0.5915679427256787
10.961700030715111,0.3817046954309282
10.943535440551546,0.3631846281811484
10.615769669821644,0.5969384724396102
11.086773274833638,0.10488447431356195
10.523308693422614,0.633979878511114
10.652113034848933,0.605470713965732
10.42449910513599,0.4844300983506928
10.735793484497524,0.496814765158674
10.007405065395957,0.5173621868123071
10.927076339600854,0.3882727738016608
10.864472673566647,0.40526053768481457
10.496803377128101,0.28147043414085915
10.395995980729696,0.19981272480736562
10.491870325860067,0.334908367750889
10.19239658212319,0.5138459772445183
10.24051746281279,0.6729623352867228
10.422380067152742,0.5805303737261406
10.519582745742037,0.5289419794044463
10.26690383633223,0.6253044748178261
10.23280349871447,0.6014913482405454
9.9440119187645,0.09151661839645271
10.959017812406666,0.2879516328237416
10.18056847613731,0.7037726909420223
10.972261069307505,0.43911139251200365
9.994231237575198,0.10076140451155813
10.359481785952267,0.5105389199768086
11.000783290084485,0.252247566743044
10.152966859607247,0.5108626167061807
10.345100848534063,0.47312816686068454
10.134148714682889,0.6873902591508665
10.214302622665123,0.2327518079755141
11.726425740454218,0.12722033446366876
10.636546903784492,0.35667854903335494
10.929991179176865,0.3375869234557687
10.887564530148268,0.12374016178937153
10.749020723143097,0.18139008257405884
9.636351750176965,0.41274893449082223
10.61066793792766,0.0677206058854586
10.629084714569693,0.6417629611558343
10.629855439228802,0.47896581234155433
10.185685490346126,0.2867100734714145
10.900320738348263,0.28970809162619265
10.639214386420733,0.5366164954987547
10.69880162761876,0.6732594053733396
10.762038980591388,0.22554242980434727
10.084147237041014,0.490401850940587
10.35362837428838,0.20635055246822878
10.270370244438276,0.4717136922891891
9.564513486713203,0.6897298637051928
10.993503640851788,0.4243877585948984
10.890475357240751,0.05644052741504776
10.21901269117325,0.5466247182880164
10.506856790708614,0.2616499097920913
10.430228145226465,0.5925173818452943
10.754262222002874,0.5303312896396545
11.126677446053579,0.23096784973614917
9.751306134637831,0.4426489908296222
10.334943343667579,0.24891631304986056
10.30436013518263,0.3115245920958452
10.308752749746969,0.49556014405927135
10.03294189092605,0.4001445755963112
10.475381723599401,0.20214974143580128
10.189056216166932,0.3893992656818905
10.355668396352163,0.3922833469756127
10.126426124174282,0.6766978163287837
10.418527892401357,0.5925520436817316
10.719720447013348,0.15973433788241023
10.074284008557363,0.46013866470720904
9.975987094815036,0.41891599337887925
9.719830572168371,0.5881729543632968
10.430502831423299,0.25182010067130167
9.530562017524996,0.4526152827678871
10.563686375064382,0.1301764493115466
10.626600759098151,0.40340014547763464
10.176783785917802,0.28326370123260586
10.793489944635438,0.7231485910350847
10.20593401830518,0.37766774356304206
11.150633484506567,0.6017805605486788
10.011342723007438,0.546018138798593
10.896099888429067,0.2093573589290669
10.082593159619082,0.6347762757976236
10.906564243435444,0.2897357985417989
10.583263439900595,0.34783530430276444
10.912769316844876,0.42094162674056085
10.868667286849512,0.3073888621616618
10.348585739307847,0.45143854436333636
10.245643210632634,0.36618760022586083
10.429367925863147,0.4216991506538302
10.241448163327563,0.671314047006915
10.664976241480764,0.7884906178750394
10.393977550598473,0.5014493901790512
10.466705149688405,0.5859289189337981
10.721175117626109,0.47962399056320393
10.757799629172347,0.19951797707247576
10.165049320951596,0.429594477960607
10.523892699511482,0.15646944887605968
10.545674505915136,0.7088005555719661
10.098675798470452,0.6321353335805491
10.774985107799605,0.5829042069936515
10.077944339161103,0.5901921624294524
10.62416706388793,0.3397178848877575
10.633875286170602,0.30899907640373137
10.287499712915375,0.17935791854893335
10.256786530019658,0.20557793005818095
10.434695077847167,0.23926396290569277
10.38758793882395,0.5927431599577997
10.038108942837383,0.5620182353261743
10.597942886051564,0.32521092802009527
10.368621589635682,0.5402879936624398
10.596234408501047,0.482466950416653
10.519845901353257,0.34454087919649345
10.195665803498644,0.6199856953823485
10.958068487092751,0.07248247890174112
10.122913410557544,0.593149349714423
9.81610813109923,0.6103214557561245
9.81336614480585,0.6219780836371142
10.52267479178458,0.30089537565345087
10.266744478723957,0.48782825084268994
10.224115925278367,0.7307508698290139
11.040752415116396,0.6063936804018275
10.651711820039756,0.5504761048798332
10.696026860073793,0.5402866737967282
10.4066851454358,0.6680281672844186
10.035889113018989,0.30052707590654504
10.627501405628351,0.5158912891114633
10.658502736931457,0.4682056358104727
10.782335626370557,0.4472929111573188
10.263626711094028,0.553662958366351
9.53132554091959,0.47417046883875547
9.532878885109954,0.5569781563757734
10.358303959752169,0.6276578391196621
10.423543869580898,0.6160738114713384
10.365931559581883,0.5238789227961775
10.197244670139513,0.5530428285348953
10.790605871236155,0.3748793730497513
10.894575567070117,0.5605965543391237
10.02533355739048,0.7146897099665351
10.732319546214876,0.386265084313236
10.073815100797773,0.7038726850129683
10.008952903079463,0.33220728555967993
10.562433794669744,0.3788997921534291
10.712061632724428,0.6789156207750652
10.597085092121725,0.17474671721442278
9.68883752240809,0.2870716903906618
10.381940413335947,0.6837900934560492
10.979235897986982,0.3323857250175153
10.340707448387954,0.5463231546970344
10.527262141686169,0.6645311952453861
10.474960863422897,0.45524627162586906
11.017603394890786,0.09062740819619604
10.379149305148808,0.5667130520246734
10.112598067923717,0.35342199372998295
10.12409267712615,0.5845531335988476
10.519587977513732,0.4047229429495398
11.566855577001512,0.11233077214845968
9.903851669537888,0.37538117886875044
10.824406435298947,0.28316038008988215
10.370879843342351,0.20669819563422703
9.559442557965731,0.6049629431878217
11.450995423979919,0.1117775577466831
10.111435247095066,0.22295638934433892
11.174538552468826,0.6165766582785218
9.496884788796882,0.380388204737641
10.895491362032985,0.5477933365756988
10.58055316997868,0.49353135877919413
10.05226191566709,0.12600917868941724
11.126029412893077,0.47986306324077366
10.661401009138936,0.318913860787413
11.15439531142413,0.04790203478733453
10.678637536806427,0.5258758580931137
10.67317239286236,0.6118097609551766
10.269848417818002,0.5129609963510816
10.389967350052745,0.41733930878677067
10.6088872643272,0.8346112098102797
10.321527344769477,0.38612206600604454
9.607230854535885,0.5362612197798212
9.781343040779399,0.3935701469494724
9.843191380062676,0.7055420567615942
9.927675122962379,0.44209294797045623
10.606007470239884,0.4542065517379921
11.067999380836792,0.3404663241674063
10.426012189365334,0.3462187411527802
10.938011284358836,0.5008517646860662
9.959904307802997,0.6683490430399955
10.837074888458533,0.5744100107920359
10.27849646306054,0.39014243069457477
9.70841008942997,0.2711542254730118
10.69490779057117,0.28955576965095076
9.6976602409039,0.30783351080971333
9.720224861054337,0.2657569787713104
9.891034637468287,0.6435456142957573
9.879740014052867,0.3520167810096052
10.626659702036017,0.7030536960607615
10.277928090372551,0.34233446018414815
10.578735850747224,0.06772947163039973
10.44025509802018,0.4200486076174805
10.152778054677153,0.6296809817549629
10.079241209285895,0.3029579104680684
9.899556559042384,0.336034201929952
9.969842297672946,0.3221963838107799
10.022582909730376,0.4895910318330541
10.038082745795224,0.38428690668021764
9.606245276349346,0.3646344256280582
9.75443199186917,0.44219043436872246
10.171457690375165,0.458639702107879
9.766945191790604,0.5466922405045767
9.82806368192512,0.7191679389409257
9.774037633554393,0.475489642955947
10.42528603578206,0.5919299473170151
10.864858156134396,0.2739573748032249
10.419297654161536,0.4999562540442172
10.699305641757519,0.41108586683553006
9.850363047411347,0.3896051700157434
11.329148345547289,0.1269935022864461
10.577504323620103,0.16858469065634482
10.234543873461183,0.2813846036367728
9.564580346815477,0.4416249455434612
10.666726575815668,0.43023919337566746
9.553599174101848,0.5643414796898811
10.64587413438527,0.39341092836795816
10.780822182065412,0.45896108278434233
10.761776753834484,0.4644896578461949
10.582788143174785,0.4617215872681458
10.42794761906333,0.1622453211937698
10.027708177866824,0.5825354446388274
10.813431295570007,0.04585325972419967
10.007157087067185,0.31013717265048374
10.368532511016673,0.15193963280763145
10.414593350313176,0.4345985059246047
10.49448293535944,0.5124200683670493
9.856104571186478,0.518848093880606
10.439167597738788,0.09674401792627968
10.011561424207041,0.20515311478171544
9.995229193249763,0.431748971274926
9.598284684320333,0.35769918274645157
10.351700128661744,0.5929722587461256
10.660699642751345,0.39209353572940125
9.881516846652143,0.5905751987185031
10.204247623198084,0.2975651971110769
10.400714653924853,0.3088739751820079
10.203986502732949,0.3593006337712108
10.35262326955571,0.44117947309359656
9.756457432382517,0.4180061083521498
10.416774963833086,0.1644671511991122
10.774396737586097,0.6660846580308037
10.039675810363796,0.43160742189953644
10.67940283240459,0.5266160224611616
9.671033179583805,0.27039487290352865
11.276597436442087,0.5254473023518454
11.06998404309482,0.7255542123069751
9.816277233231345,0.36053584706059344
10.434020298968324,0.5322439585188705
11.386273240443769,0.06146975382671591
10.161013691610028,0.12135229725254751
10.819865971178112,0.44990301141833583
10.488633584430614,0.6945294812746248
10.348089550678361,0.7791181917038719
10.362668354957368,0.3335746518939701
9.883175666342384,0.7167029479765564
9.838910109683303,0.3349841377810199
10.221856034301567,0.5923819367959352
10.53366797042934,0.4680392216977801
9.84155361963386,0.1687056760751441
9.661422743453329,0.26026319797996633
10.539287185006549,0.4513683508601879
10.371301906375482,0.4777012422940748
10.38201169291562,0.34201552638878474
10.31360759978033,0.5454164407700891
10.73776020398729,0.34644520123577366
10.776371683751588,0.6040992043010923
10.370102660288936,0.5219973445468923
10.075765047719099,0.2355081457770135
11.468460465687752,0.0994557797569666
10.729111701755535,0.4745465298814508
10.137326350261278,0.722998918963789
9.898540596082869,0.20565316078123172
10.082447291915686,0.14179680916209247
10.36532214594488,0.36768882725699664
10.759946284919609,0.6388314197896672
10.31922228123046,0.26009858017554166
9.791569430720315,0.5500597719769548
10.361254873835795,0.5190163024979003
10.402158483724472,0.37950284864811074
10.88842855917983,0.662572704692982
10.817476871712003,0.22982046227479958
9.91553151398449,0.6900854908387372
9.761888776876672,0.5621375674031345
10.411610512216889,0.18812738923015607
10.577201809965771,0.3086497172047752
10.614885534855953,0.25938181099519075
10.374244783214117,0.5672191392491172
9.657657301382875,0.3875050512157969
10.863921225047605,0.42445878509639084
9.810922847824994,0.3983951549804359
10.031786164461726,0.554106816278059
10.041145525258461,0.5894356346616225
10.385837784331997,0.46846487990546604
10.049103018608434,0.5766104855444667
9.962543763438237,0.13365665013099376
10.482676061365373,0.6862485883941943
10.362448621860715,0.7015673624742095
10.608443002988025,0.5305144609704787
9.83290633294179,0.31617694612508784
9.889190560004733,0.5257904905487706
9.93605264049445,0.5471737329317373
9.887102697721799,0.6328643639421944
10.891101026078212,0.03722221559987102
10.45109934203462,0.4963422908910373
11.455159174781457,0.06184659579005637
10.925485414963505,0.4693078900458914
10.198810354398782,0.1284964699851843
9.926314167279576,0.5043629004212029
10.753060400566543,0.4459751948652732
10.702967062356173,0.3502690311277966
9.771068818515563,0.30304537182294405
9.944905389765243,0.11749942672889366
10.836809849993115,0.37740255339736034
10.623804577537456,0.214846170640896
10.65936076507417,0.47726746845506773
10.989865999918202,0.4591598971122381
9.845508341582086,0.48115600250485097
10.36672291785278,0.4387047207396446
10.443143532776972,0.3967265694140214
9.837078927019391,0.5113427351147812
10.114518807308455,0.7001068516552155
10.143670916490013,0.533365059209413
10.215723368194274,0.432242070460034
10.880211200461513,0.4134356008974895
10.870284646662567,0.48389051429665636
10.023587177333612,0.46337560699569713
10.427985724924595,0.7388919207587912
10.000598795731365,0.7205188046291469
10.444182612474112,0.6777055520243143
10.438072075986733,0.6597048217744853
10.53681453822422,0.4602763372440032
10.867715347129344,0.3667905582440166
9.573648632358685,0.6162291830361657
10.712489100090457,0.5824962310519828
10.430860696675698,0.4808629183615727
10.49663989198015,0.34758860828278265
9.622773583018631,0.41585961072144423
10.17758104621391,0.5824655279687553
10.157840071024935,0.7673171444844087
9.67868812036493,0.48921790177042757
11.013795797030197,0.09906603917758743
10.443698053908058,0.6442802316114856
9.555464072781877,0.6274524769800144
9.855772628295442,0.5659647931865526
10.059585354855203,0.1357422857482864
9.964016738000334,0.46893039676302606
10.84129981827281,0.35076097099028264
10.380949448668668,0.5885826727205821
9.991117863108268,0.46583384160480784
10.159078255910458,0.67776996599906
9.784247781834091,0.5637639673305139
10.396367051705427,0.6516528632400252
10.348345414354243,0.5867837122848231
10.98997647561788,0.10885678599748658
10.190223404906131,0.2625447192815019
9.90300698632992,0.5840649550295208
10.02690244341561,0.42392985683856627
10.428769242188926,0.46091402587063884
10.167604294797231,0.35194482033771335
10.856152410341293,0.7064707741311705
9.542713514771204,0.6775873786822941
10.174954000238039,0.735618571093897
9.61614078053488,0.5423278333209419
10.630189780656687,0.6712839639041233
10.55952818883028,0.6044917498601096
10.450699637808558,0.4356594016396865
10.697180051356455,0.4402954408088051
10.682917234191034,0.5274505643109012
10.285401186841318,0.38374833429235283
9.818541253604863,0.6527335462932986
10.660745724134342,0.4461196152455103
11.436576534441059,0.08812974070608921
11.003998481703631,0.21459460703917907
10.781647399866753,0.2720167286490978
10.834926189900234,0.3953205728593036
11.228875287373004,0.07166807138555019
11.064057947816488,0.5083813393406552
10.760431617828397,0.3472372419135687
10.684252989959022,0.32166648709575235
10.607195898665168,0.41957612068483624
10.741132701804716,0.5889038215706839
10.269327995745577,0.348964244899413
10.891946336449735,0.04487774388369931
10.29974195755193,0.2902618105098879
10.132504048084062,0.6047934085586736
10.086145502046106,0.3463025579120175
10.327258196445605,0.27609200808899564
10.64051534418639,0.5271989075883526
9.910225194369328,0.4935671567476509
10.325115229102906,0.4723275694799304
9.671916330858917,0.3970450742248266
10.321335584932795,0.57194475077946
10.884693917225773,0.07227796638201663
10.720053271266991,0.5332588663094172
11.303759449555233,0.05082612163639671
10.673082345074906,0.4793843650854019
10.685707132982683,0.11346668691075788
10.457221569373015,0.32272944300235507
9.685505585141712,0.6221904167497976
10.47368489960156,0.34965085065581136
10.310334788837471,0.502534840243684
10.782797300114513,0.48362322335609764
10.129438187989573,0.6135401570945692
10.026909951359922,0.6693510326803613
10.141242574663211,0.5649715759970956
10.804066114007693,0.5597771608011005
10.775195686307903,0.5823320477110697
10.55458894776569,0.6197053337895115
11.395617999021527,0.06304453686294975
10.52799547478882,0.5110087059588253
10.829995738145676,0.15460508104550458
10.78311557254639,0.24049443464306494
10.72721912169927,0.46413828355710557
10.619807995678183,0.3765209567879048
10.10795904346895,0.36430927473112906
10.550085167218484,0.43838969466872446
10.196743380489451,0.476147813711188
10.364721472550686,0.265466521679943
10.364699108655362,0.16934035089203445
9.851492688816228,0.5970096677206316
9.678904274967165,0.4104898384633965
10.228728072534766,0.47194561124146456
10.171567559630015,0.3803031024561606
10.071383434700358,0.5629122019682101
9.823950296187787,0.28077407302902
10.471594802162326,0.5592616328953237
10.802045061509633,0.46705350096949616
10.090307305254019,0.6732922200083252
9.746690738812005,0.6180632863977132
10.355544676563635,0.723736520600096
9.881916261150273,0.2730807956265862
10.390617062481015,0.3947358086811226
10.897952520421061,0.1032956795288006
10.37789111893587,0.24394032695600382
10.404864885782384,0.23989596293885765
10.153122895054635,0.3893049964952835
11.24523254415508,0.32456704915506057
10.705245851693663,0.2902959178298002
11.31411873944932,0.33298823270426814
10.74125828779385,0.6311854227990057
10.117338082388411,0.2397924880653876
10.943767706248536,0.13043094709405564
10.82648697126554,0.2413811095450539
10.592651065307006,0.6243866822078602
9.656599947327585,0.46021772109775194
10.416076524243374,0.35925526853659484
10.917142794914936,0.42155244858189167
10.196045191711375,0.5796983863212262
10.055318901581517,0.6225876888026914
10.539817410154456,0.4615010006829857
10.562392831334538,0.5135952198800252
10.715116398571537,0.37223481895757465
10.850303183951267,0.42474769835732773
10.396853605722375,0.5173048466161828
11.377898889300184,0.2277165248122235
10.242830432829546,0.405198484134348
10.110730025590827,0.5621299170918826
10.890564066232919,0.5161461046713306
10.456949334889085,0.42021345529767945
10.515327766798091,0.23146861885154868
10.758723232363522,0.5360652331842604
10.321537853117233,0.20839192964913508
10.129364092468805,0.6331087231105476
10.753806141353513,0.6084262190193634
9.883028436482784,0.7523478779054382
10.770715039432643,0.07043412034953322
9.8697057379074,0.6172187813972712
10.225477604001998,0.22105515986254803
10.40662202887465,0.3847193392610714
11.040995702157234,0.20136898825038424
10.303151581128198,0.7244195042976826
9.963960383395207,0.4172173309363418
11.017714020955122,0.43002433891795616
10.503573766219823,0.5925724411686615
10.653338231945316,0.5728261702862235
9.66644321697081,0.48086335066927904
10.605116327725304,0.6509767353343838
10.534480341939924,0.5334721017354086
10.163254451372415,0.15582704157169372
10.154180064102652,0.46882603529195926
10.907714655638653,0.0885345534299561
10.03800070062749,0.7005510843545465
10.721776534100192,0.46527122514547825
10.806478685210559,0.5078815849063816
10.035039516965004,0.4678414769101805
10.276329123652216,0.6375211037739771
10.285698463746833,0.5874827509438078
10.36325026052234,0.07915850845506109
10.400935868724746,0.5753137480196078
10.499428951615721,0.16152811197476147
11.0343494724898,0.45487470641169797
10.63118125739202,0.3604658176203499
9.767809147230075,0.6590133566548625
10.74743933217622,0.21536475909513517
10.884777335628403,0.5985989821073615
10.043013988048791,0.449773973579317
10.777899418851373,0.5974843248529063
9.944094013545044,0.26243748052482285
10.142446591409218,0.6530956485877704
10.222958878675867,0.648983502427692
10.368835441033887,0.46228109530451755
10.892912753385982,0.07369389969404022
10.084593689051045,0.4288270641032475
10.023467974820393,0.49639669888518206
10.384446475231798,0.6817913814276517
10.654903710416395,0.28129108842173806
11.069320415012921,0.3712078607835721
10.705161713489483,0.3221131858430864
10.810142101353717,0.6174739723907413
10.25794209739933,0.5972959037156305
10.667982985753149,0.3785020810382152
10.178759178747613,0.5056035171106436
10.595506584459729,0.4921615692756664
10.96054589226799,0.5093918532109905
10.052031194408352,0.35735957263564827
10.029657766762224,0.5753789406070486
10.370785174350408,0.22847190152755875
10.902607284083851,0.2289136670368949
10.028748801466612,0.42515820248233166
10.680115791311309,0.5284907911288045
10.522088751521347,0.613932931212846
10.754279865063971,0.6331363389557534
10.889966444915045,0.6930982210113749
10.01814150593678,0.6922914308828734
10.41575112997445,0.515527772952784
10.17716812179088,0.5192711345014449
10.009973504108562,0.44358585625381264
10.193747003385113,0.6457612193303853
10.382379198263108,0.7182614447150324
11.052306908769655,0.09356792090296685
10.123400085053385,0.655298646988987
10.080132503951774,0.6718260912410553
10.717111338335693,0.4606125007424375
10.483167975901635,0.5495074539531543
10.883431853471022,0.41977777393501337
10.16818770564481,0.5335745726029213
11.530796278630133,0.12339461025018118
10.49989047026535,0.1927676923959296
10.728136758579632,0.4590745534645172
10.97932180143813,0.703352423430951
10.892138088734187,0.046890232615425645
10.80201034300744,0.2159704954529341
10.117705110476896,0.6254608183010428
10.668122497342015,0.5435103334744977
10.07912865324465,0.30118280879403536
10.117510577232778,0.17833098477659245
10.68544850265266,0.7095555630137073
10.152057950212534,0.2736850196324978
10.534258958168476,0.2298259348001708
10.098013086478126,0.6236592368198431
10.748253270335846,0.3040901316548004
11.010814445041383,0.490894602310657
11.236537245076256,0.5657408408007041
11.229020527180035,0.5427271587481775
11.16095960116763,0.48092295285601366
11.200326809805969,0.1381575544422073
10.208488519880989,0.4689672302560437
10.11874696006522,0.8018153889468068
10.149077932196656,0.26091033551715964
9.928393814179556,0.7477660441217898
10.402022769864088,0.5025683677234264
9.994580888092148,0.5283836633106579
10.608552917429702,0.3477560512432241
10.756333368371392,0.06513304377697934
10.246708173407319,0.6414995542093074
10.005829184265767,0.22938357957968072
11.076878324945064,0.5136581522779383
10.080024748806808,0.7125659549465734
10.18413656040448,0.4663793432258867
10.092740137560375,0.6617672352515107
10.483256675982629,0.1023212136254382
10.432733446009472,0.6139574950962423
11.097034334923164,0.5936674417979863
10.224240072261074,0.22300482864164342
10.005092465999128,0.3925578650892228
10.69786704379529,0.42669886909351995
10.564733762360289,0.4732435042471893
10.145003887154287,0.16030177442745272
9.810854328317244,0.49373218676496405
10.22635818425621,0.6749814273953668
10.794028508697066,0.8274887811828737
10.18271493571271,0.6587811848446817
10.517076660909131,0.6263259880488193
10.422089245657773,0.45247828991918093
10.91838617376401,0.568062603340368
10.626775081033081,0.09169030622236088
10.136923626320112,0.5260108173894802
10.21812027049129,0.5216734230743166
11.067670381260097,0.4962998765041864
10.219299762081842,0.4736850375754536
10.888597369510101,0.13483121585246402
10.246397975696233,0.6552810234046869
10.276315050086245,0.39727579470032426
10.010927220116708,0.44282816187480156
10.257718926790066,0.10498621398975932
10.253036145430157,0.5345508090349822
10.650683935481602,0.2895998863689743
10.233961744889669,0.6711731309577454
10.628428504823836,0.21840118606864467
10.799909101933485,0.35446871413129805
10.758665387147465,0.10024669254367122
10.257261662462748,0.5911169112889729
11.008184063180579,0.4715836375741941
10.987511742250545,0.5920799116422859
10.457267817712937,0.735376181650772
11.034704908855625,0.07142740888365202
11.295463219548678,0.12383661636167996
10.98571631568503,0.39843035143669725
10.463634587619744,0.3871360973481271
9.901667868284898,0.17536211003773058
10.810921919332646,0.3828872559454664
10.587723950855292,0.44235627239148595
9.728609061002327,0.3952299425811947
10.139206099396636,0.11242957363001674
10.477985562978734,0.4260072327733267
10.00381294484604,0.11905538630469595
10.68154218577705,0.3824018436114657
9.833423240730076,0.18871635244993987
11.046318145503959,0.3464334409172968
10.124498031814623,0.06735583312095565
11.335535786149332,0.05994342863584767
9.657702657754347,0.49391545946978466
10.028454165801406,0.11471912639113398
10.52608026418255,0.05276319205129143
10.487273397174334,0.24141920906018172
10.09740117424433,0.37733334433527355
10.092632950252028,0.42279100213985943
10.351120989533866,0.18184251872201224
10.185220570099117,0.22314268495009784
10.391422482353855,0.13377849057786992
9.829976146090237,0.30594031378601877
10.268883303616953,0.4810542120632101
9.627141445338555,0.31715729134238674
10.127547723769894,0.46542364807170183
11.063389806940275,0.07844916820924053
10.112761092461835,0.24510453814242866
10.506872116842128,0.39760457499950486
11.043208609806111,0.5651615903019569
10.135996227796571,0.3455560352209029
9.621020084105888,0.45062849025766905
10.321720967695356,0.5428192642085978
10.866857796484977,0.5641615811143146
10.283898690868131,0.5656799521309475
10.239237273468742,0.34988902867299565
9.934453596821218,0.2557444502922686
10.570130811601468,0.3313298518716851
10.542392093384759,0.6091628843888437
11.136137146607464,0.251739951238771
9.794409847671623,0.3717605281258771
10.615439964232673,0.33354689811082894
10.106963119988754,0.5565618287288323
9.73628432391854,0.36361860033920546
9.991627089235628,0.21413942598856192
10.114154910236135,0.30560244544499576
9.957749989172136,0.28756000593381953
9.550731257299576,0.42131171118968685
9.591741189995208,0.44540395513276876
10.825224581403445,0.5094542084194952
11.020905879940768,0.608411935006176
9.860959147753356,0.5528553836625899
10.046572715973914,0.4608931565470986
10.548064700734425,0.6884813759565264
9.856544793442062,0.47476183850565884
9.76035356558369,0.349273293452776
9.914951804302879,0.296079777662763
9.681179219620638,0.47200109827837483
10.170172430268318,0.42155270208721224
9.999863989895525,0.23703034596391837
9.773954213954413,0.48765645633546195
9.738976619698391,0.2926583817587688
10.691183583687135,0.41649442894272715
9.561140365602538,0.5347773478679287
11.019805066235694,0.532358155723652
10.3646652249767,0.5911540837438285
10.5237838404485,0.3599392062389522
10.546267475672988,0.44268926860716895
10.083433282921971,0.6932158488642628
9.801793300113415,0.30840887045594784
9.577344402482169,0.41535397356083226
10.459112777648851,0.4662268065745668
10.363984012477754,0.089397902908513
9.598235094738223,0.19956511355622517
10.912657088388034,0.4233072196284012
10.6634371357994,0.38233103738877816
10.198860644745093,0.0965767165803117
10.767713957477037,0.7288401011450635
10.189467252195755,0.4423384803126987
10.180729049392898,0.5236327117394595
9.951481533359042,0.5469703660954847
10.8642518094837,0.3816346779285992
10.365120901404328,0.28969066131767923
10.685786170980986,0.4129322918622287
10.293466074547453,0.551744044193113
10.255064635432504,0.629192935011713
9.86898841195436,0.5554257492469634
10.72357505157013,0.6126103271641355
10.53360217936494,0.6765736451463529
9.825065778910291,0.5595879506112451
11.470535270865167,0.07288076624512199
